{
  "avg_coherence_score": 8.110067976715652e-06,
  "perplexityScore": 304.5068359375,
  "backgroundTokensRatioScore": 0.2330097109079361,
  "contrast": 0.6500865817070007,
  "purity": 0.43052157759666443,
  "kernelSize": 94.66666412353516,
  "npmi_50_list": null,
  "npmi_50": null,
  "sparsity_phi": 0.0,
  "sparsity_theta": 0.0,
  "topic_significance_uni": null,
  "topic_significance_vacuous": null,
  "topic_significance_back": null,
  "switchP_list": [
    NaN
  ],
  "switchP": NaN,
  "all_topics": true,
  "coherence_10_list": [
    8.492739376552687e-06,
    9.89705061204565e-06,
    1.1702593629108032e-05
  ],
  "coherence_10": 1.0030794539235456e-05,
  "coherence_15_list": [
    7.078875003403309e-06,
    7.680722675757438e-06,
    1.0575323385651102e-05
  ],
  "coherence_15": 8.444973688270617e-06,
  "coherence_20_list": [
    7.422787959034242e-06,
    6.820940286680115e-06,
    8.747908711322718e-06
  ],
  "coherence_20": 7.663878985679025e-06,
  "coherence_25_list": [
    6.473206075986619e-06,
    7.12855131921666e-06,
    6.944653419330679e-06
  ],
  "coherence_25": 6.848803604844652e-06,
  "coherence_30_list": [
    6.00233521508731e-06,
    5.923933602596738e-06,
    6.329777243724417e-06
  ],
  "coherence_30": 6.0853486871361556e-06,
  "coherence_35_list": [
    4.956392595857492e-06,
    5.300305551488423e-06,
    5.782458028500402e-06
  ],
  "coherence_35": 5.346385391948772e-06,
  "coherence_40_list": [
    4.612879488748372e-06,
    4.9922492822194595e-06,
    5.1529991947071995e-06
  ],
  "coherence_40": 4.919375988558343e-06,
  "coherence_45_list": [
    4.22103939903581e-06,
    4.274739612225664e-06,
    4.8005964168583035e-06
  ],
  "coherence_45": 4.432125142706593e-06,
  "coherence_50_list": [
    3.959093191608403e-06,
    4.074549683855936e-06,
    4.419281479857411e-06
  ],
  "coherence_50": 4.15097478510725e-06,
  "coherence_55_list": [
    3.646210701871547e-06,
    3.7786036803018643e-06,
    4.080540728048542e-06
  ],
  "coherence_55": 3.835118370073984e-06,
  "npmi_15": null,
  "npmi_25": null
}