{
  "train": 0.022736,
  "metrics": 0.047677
}