{
  "id": "94866f3e-a67b-4d6f-a4b1-0019069c3150",
  "data_path": "../data/processed_sample_corpora",
  "params": [
    91.83170683085328,
    0.0,
    42.05880287990836,
    100.0,
    0.0,
    100.0,
    100.0,
    3.0,
    100.0,
    100.0,
    0.0,
    0.0,
    0.31640694360234356,
    0.6956345223122047,
    0.4019904506454999,
    0.0
  ],
  "fitness_name": "default",
  "dataset": "test",
  "force_dataset_settings_checkout": false,
  "fitness_value": {
    "avg_coherence_score": 8.269468902182693e-06,
    "perplexityScore": 324.2213439941406,
    "backgroundTokensRatioScore": 0.13106796145439148,
    "contrast": 0.6107587218284607,
    "purity": 0.3024292290210724,
    "kernelSize": 71.33333587646484,
    "npmi_50_list": null,
    "npmi_50": null,
    "sparsity_phi": 0.0,
    "sparsity_theta": 0.0,
    "topic_significance_uni": null,
    "topic_significance_vacuous": null,
    "topic_significance_back": null,
    "switchP_list": [
      NaN
    ],
    "switchP": NaN,
    "all_topics": true,
    "coherence_10_list": [
      1.1501977738323322e-05,
      7.824019740603656e-06,
      1.3151486173664266e-05
    ],
    "coherence_10": 1.0825827884197081e-05,
    "coherence_15_list": [
      8.129720145608932e-06,
      8.292123485767982e-06,
      1.0422473183148464e-05
    ],
    "coherence_15": 8.948105604841791e-06,
    "coherence_20_list": [
      6.889572038790673e-06,
      6.942365694260333e-06,
      8.71623251804092e-06
    ],
    "coherence_20": 7.516056750363975e-06,
    "coherence_25_list": [
      6.189000230708281e-06,
      6.566826825019482e-06,
      7.610029457099954e-06
    ],
    "coherence_25": 6.788618837609239e-06,
    "coherence_30_list": [
      5.513478101910788e-06,
      5.827084551873085e-06,
      6.255987490792111e-06
    ],
    "coherence_30": 5.865516714858661e-06,
    "coherence_35_list": [
      5.234557486441336e-06,
      5.180610356146283e-06,
      5.617244941971821e-06
    ],
    "coherence_35": 5.344137594853147e-06,
    "coherence_40_list": [
      4.900943331926417e-06,
      5.122135211509553e-06,
      5.137567203108374e-06
    ],
    "coherence_40": 5.053548582181448e-06,
    "coherence_45_list": [
      4.4368534633648206e-06,
      4.620244757465991e-06,
      4.8755740730101685e-06
    ],
    "coherence_45": 4.644224097946994e-06,
    "coherence_50_list": [
      4.037701867181192e-06,
      4.221122110184354e-06,
      4.436477127638958e-06
    ],
    "coherence_50": 4.231767035001502e-06,
    "coherence_55_list": [
      3.8535813364537216e-06,
      4.027853726428316e-06,
      4.079865253668794e-06
    ],
    "coherence_55": 3.9871001055169435e-06,
    "npmi_15": null,
    "npmi_25": null
  },
  "exp_id": 2,
  "alg_id": "ga",
  "tag": "v0",
  "iteration_id": 1,
  "topic_count": 3
}