{
  "train": 0.032512,
  "metrics": 0.031637
}